Customer ID,Churn Category,Churn Category,,,
0015-UOCOJ,0,0,TRUE,,984
0016-QLJIS,0,0,TRUE,,167
0018-NYROU,0,0,TRUE,,48
0020-JDNXP,0,0,TRUE,,102
0022-TCJCI,2,2,TRUE,,46
0027-KWYKW,1,1,TRUE,,62
0048-LUMLS,0,0,TRUE,,
0048-PIHNL,2,2,TRUE,,
0052-DCKON,0,0,TRUE,,
0052-YNYOT,3,3,TRUE,,0.820694922
0064-SUDOG,0,0,TRUE,,0.757705327
0080-EMYVY,0,0,TRUE,,
0118-JPNOY,1,1,TRUE,,
0121-SNYRK,1,1,TRUE,,
0129-KPTWJ,0,0,TRUE,,
0130-SXOUN,3,3,TRUE,,
0137-UDEUO,0,0,TRUE,,
0142-GVYSN,3,3,TRUE,,
0151-ONTOV,0,0,TRUE,,
0177-PXBAT,0,0,TRUE,,
0191-ZHSKZ,1,2,FALSE,,
0195-IESCP,0,0,TRUE,,
0196-VULGZ,0,0,TRUE,,
0201-MIBOL,1,1,TRUE,,
0206-TBWLC,0,0,TRUE,,
0207-MDKNV,0,0,TRUE,,
0219-QAERP,0,0,TRUE,,
0219-YTZUE,0,0,TRUE,,
0224-HJAPT,1,1,TRUE,,
0225-ZORZP,0,0,TRUE,,
0235-KGSLC,0,0,TRUE,,
0248-PGHBZ,0,0,TRUE,,
0256-LTHVJ,3,2,FALSE,,
0264-CNITK,0,0,TRUE,,
0265-PSUAE,0,0,TRUE,,
0270-THENM,2,1,FALSE,,
0285-INHLN,0,0,TRUE,,
0292-WEGCH,0,0,TRUE,,
0297-RBCSG,0,0,TRUE,,
0298-XACET,0,0,TRUE,,
0303-UNCIP,0,0,TRUE,,
0310-MVLET,5,5,TRUE,,
0322-CHQRU,3,3,TRUE,,
0326-VDYXE,5,5,TRUE,,
0330-BGYZE,0,0,TRUE,,
0334-ZFJSR,0,0,TRUE,,
0345-HKJVM,0,0,TRUE,,
0348-SDKOL,2,2,TRUE,,
0362-RAOQO,2,2,TRUE,,
0369-ZGOVK,0,0,TRUE,,
0375-HVGXO,0,0,TRUE,,
0384-LPITE,4,4,TRUE,,
0384-RVBPI,0,0,TRUE,,
0386-CWRGM,0,0,TRUE,,
0396-YCHWO,0,0,TRUE,,
0406-BPDVR,0,0,TRUE,,
0422-OHQHQ,0,0,TRUE,,
0428-AXXLJ,0,0,TRUE,,
0436-TWFFZ,0,0,TRUE,,
0439-IFYUN,0,0,TRUE,,
0442-TDYUO,0,0,TRUE,,
0455-ENTCR,0,0,TRUE,,
0458-HEUZG,0,0,TRUE,,
0461-CVKMU,0,0,TRUE,,
0475-RIJEP,1,1,TRUE,,
0485-ZBSLN,2,2,TRUE,,
0489-WMEMG,0,0,TRUE,,
0495-ZBNGW,2,1,FALSE,,
0504-HHAPI,1,1,TRUE,,
0505-SPOOW,0,0,TRUE,,
0508-OOLTO,0,0,TRUE,,
0512-FLFDW,0,0,TRUE,,
0515-YPMCW,0,0,TRUE,,
0516-WJVXC,0,0,TRUE,,
0520-FDVVT,0,4,FALSE,,
0536-ESJEP,0,0,TRUE,,
0537-QYZZN,0,0,TRUE,,
0549-CYCQN,0,0,TRUE,,
0559-CKHUS,1,1,TRUE,,
0562-HKHML,2,2,TRUE,,
0567-XRHCU,0,0,TRUE,,
0572-ZJKLT,1,1,TRUE,,
0585-EGDDA,0,0,TRUE,,
0601-WZHJF,0,0,TRUE,,
0607-DAAHE,0,0,TRUE,,
0618-XWMSS,0,0,TRUE,,
0620-XEFWH,0,0,TRUE,,
0625-AFOHS,0,0,TRUE,,
0637-UBJRP,0,0,TRUE,,
0637-YLETY,0,0,TRUE,,
0639-TSIQW,1,1,TRUE,,
0643-OKLRP,0,0,TRUE,,
0654-HMSHN,0,0,TRUE,,
0665-XHDJU,3,3,TRUE,,
0667-NSRGI,1,3,FALSE,,
0673-IGUQO,4,3,FALSE,,
0674-EYYZV,0,0,TRUE,,
0682-USIXD,0,0,TRUE,,
0687-ZVTHB,0,0,TRUE,,
0690-SRQID,0,0,TRUE,,
0691-IFBQW,0,0,TRUE,,
0697-ZMSWS,0,0,TRUE,,
0701-TJSEF,1,1,TRUE,,
0716-BQNDX,0,0,TRUE,,
0734-OXWBT,0,0,TRUE,,
0772-GYEQQ,0,0,TRUE,,
0778-NELLA,3,1,FALSE,,
0786-VSSUD,3,3,TRUE,,
0795-XCCTE,1,1,TRUE,,
0813-TAXXS,1,1,TRUE,,
0835-JKADZ,4,3,FALSE,,
0839-QNXME,0,0,TRUE,,
0848-ZGQIJ,0,0,TRUE,,
0867-LDTTC,0,0,TRUE,,
0867-MKZVY,5,5,TRUE,,
0870-VEMYL,0,0,TRUE,,
0871-URUWO,0,0,TRUE,,
0872-CASZJ,0,0,TRUE,,
0872-JCPIB,0,0,TRUE,,
0875-CABNR,0,0,TRUE,,
0880-FVFWF,0,0,TRUE,,
0880-TKATG,0,0,TRUE,,
0885-HMGPY,0,0,TRUE,,
0886-QGENL,1,1,TRUE,,
0895-DQHEW,0,0,TRUE,,
0895-LNKRC,0,0,TRUE,,
0921-OHLVP,0,0,TRUE,,
0925-VYDLG,0,0,TRUE,,
0930-EHUZA,0,0,TRUE,,
0931-MHTEM,2,2,TRUE,,
0939-YAPAF,2,4,FALSE,,
0946-CLJTI,0,0,TRUE,,
0946-FKYTX,1,3,FALSE,,
0956-SYCWG,0,0,TRUE,,
0962-CQPWQ,0,0,TRUE,,
0967-BMLBD,3,2,FALSE,,
0980-FEXWF,0,0,TRUE,,
0988-AADSA,0,0,TRUE,,
0999-QXNSA,0,0,TRUE,,
1022-RKXDR,0,0,TRUE,,
1031-IIDEO,0,0,TRUE,,
1032-MAELW,0,0,TRUE,,
1035-IPQPU,0,0,TRUE,,
1038-ZAGBI,0,0,TRUE,,
1041-RXHRA,0,0,TRUE,,
1045-LTCYT,0,0,TRUE,,
1057-FOGLZ,1,1,TRUE,,
1061-PNTHC,0,0,TRUE,,
1063-DHQJF,0,0,TRUE,,
1075-BGWOH,1,1,TRUE,,
1080-BWSYE,0,0,TRUE,,
1087-UDSIH,0,0,TRUE,,
1088-CNNKB,2,2,TRUE,,
1090-PYKCI,1,1,TRUE,,
1095-JUDTC,0,0,TRUE,,
1097-FSPVW,4,4,TRUE,,
1099-GODLO,0,0,TRUE,,
1106-HRLKZ,2,2,TRUE,,
1116-FRYVH,0,2,FALSE,,
1120-BMWUB,0,0,TRUE,,
1150-FTQGN,0,0,TRUE,,
1163-VIPRI,0,0,TRUE,,
1169-WCVAK,0,0,TRUE,,
1177-XZBJL,0,0,TRUE,,
1184-PJVDB,0,0,TRUE,,
1194-SPVSP,0,0,TRUE,,
1197-BVMVG,0,0,TRUE,,
1202-KKGFU,0,0,TRUE,,
1212-GLHMD,0,0,TRUE,,
1215-VFYVK,1,1,TRUE,,
1222-KJNZD,0,0,TRUE,,
1223-UNPKS,0,0,TRUE,,
1226-JZNKR,0,0,TRUE,,
1226-UDFZR,0,0,TRUE,,
1230-QAJDW,0,0,TRUE,,
1236-WFCDV,3,3,TRUE,,
1240-KNSEZ,1,1,TRUE,,
1258-YMZNM,0,0,TRUE,,
1265-HVPZB,3,3,TRUE,,
1271-SJBGZ,3,3,TRUE,,
1293-BSEUN,5,5,TRUE,,
1293-HHSHJ,0,0,TRUE,,
1302-TPUBN,4,1,FALSE,,
1303-SRDOK,0,0,TRUE,,
1304-NECVQ,0,0,TRUE,,
1328-EUZHC,0,0,TRUE,,
1333-PBMXB,3,3,TRUE,,
1343-EHPYB,0,0,TRUE,,
1345-ZUKID,1,1,TRUE,,
1346-UFHAX,0,0,TRUE,,
1353-GHZOS,5,5,TRUE,,
1353-LJWEM,1,1,TRUE,,
1355-KUSBG,4,4,TRUE,,
1360-JYXKQ,0,0,TRUE,,
1371-OJCEK,0,0,TRUE,,
1385-TQOZW,0,0,TRUE,,
1393-IMKZG,0,0,TRUE,,
1403-LKLIK,4,3,FALSE,,
1410-RSCMR,0,0,TRUE,,
1421-HCERK,4,4,TRUE,,
1423-BMPBQ,0,0,TRUE,,
1430-SFQSA,1,3,FALSE,,
1431-CYWMH,0,0,TRUE,,
1439-LCGVL,5,5,TRUE,,
1442-OKRJE,0,0,TRUE,,
1444-VVSGW,0,0,TRUE,,
1448-PWKYE,0,0,TRUE,,
1459-QNFQT,0,0,TRUE,,
1465-LNTLJ,0,0,TRUE,,
1465-WCZVT,3,3,TRUE,,
1469-LBJQJ,1,1,TRUE,,
1480-BKXGA,0,0,TRUE,,
1481-ZUWZA,1,1,TRUE,,
1488-PBLJN,0,0,TRUE,,
1501-SGHBW,1,1,TRUE,,
1550-LOAHA,0,0,TRUE,,
1552-TKMXS,0,0,TRUE,,
1555-DJEQW,0,0,TRUE,,
1555-HAPSU,1,3,FALSE,,
1559-DTODC,0,0,TRUE,,
1565-RHDJD,0,0,TRUE,,
1574-DYCWE,0,0,TRUE,,
1575-KRZZE,0,0,TRUE,,
1577-HKTFG,0,1,FALSE,,
1583-IHQZE,1,3,FALSE,,
1589-AGTLK,4,4,TRUE,,
1591-XWLGB,1,1,TRUE,,
1627-AFWVJ,0,0,TRUE,,
1635-FJFCC,5,1,FALSE,,
1635-NZATJ,0,0,TRUE,,
1670-SVOWZ,0,0,TRUE,,
1684-FLBGS,4,4,TRUE,,
1685-BQULA,0,0,TRUE,,
1696-MZVAU,0,0,TRUE,,
1698-XFZCI,0,0,TRUE,,
1703-MGIAB,0,0,TRUE,,
1728-CXQBE,1,1,TRUE,,
1729-VLAZJ,0,0,TRUE,,
1730-VFMWO,1,1,TRUE,,
1755-FZQEC,0,0,TRUE,,
1766-GKNMI,0,1,FALSE,,
1779-PWPMG,0,0,TRUE,,
1791-PQHBB,1,1,TRUE,,
1810-MVMAI,0,0,TRUE,,
1813-JLKWR,0,0,TRUE,,
1820-DJFPH,1,1,TRUE,,
1842-EZJMK,0,0,TRUE,,
1845-ZLLIG,0,0,TRUE,,
1852-XEMDW,0,0,TRUE,,
1862-QRWPE,0,0,TRUE,,
1877-HKBQX,0,0,TRUE,,
1891-UAWWU,0,0,TRUE,,
1897-OKVMW,0,0,TRUE,,
1899-VXWXM,0,0,TRUE,,
1907-YLNYW,0,0,TRUE,,
1918-ZBFQJ,3,4,FALSE,,
1919-RTPQD,0,0,TRUE,,
1926-QUZNN,0,0,TRUE,,
1937-OTUKY,1,1,TRUE,,
1960-UYCNN,0,0,TRUE,,
1965-AKTSX,1,1,TRUE,,
1972-XMUWV,1,1,TRUE,,
1981-INRFU,0,0,TRUE,,
1987-AUELQ,0,0,TRUE,,
2000-DHJUY,3,3,TRUE,,
2001-EWBQU,0,0,TRUE,,
2017-CCBLH,5,1,FALSE,,
2018-PZKMU,0,0,TRUE,,
2038-OEQZH,0,0,TRUE,,
2040-XBAVJ,0,0,TRUE,,
2045-BMBTJ,0,0,TRUE,,
2055-SIFSS,0,0,TRUE,,
2057-ZBLPD,0,0,TRUE,,
2065-MMKGR,0,0,TRUE,,
2067-QYTCF,0,0,TRUE,,
2085-JVGAD,1,1,TRUE,,
2091-RFFBA,0,0,TRUE,,
2105-PHWON,0,0,TRUE,,
2108-YKQTY,0,0,TRUE,,
2144-ESWKO,0,0,TRUE,,
2150-OEGBV,0,0,TRUE,,
2159-TURXX,5,0,FALSE,,
2171-UDMFD,0,0,TRUE,,
2187-PKZAY,0,0,TRUE,,
2190-BCXEC,1,1,TRUE,,
2207-QPJED,0,0,TRUE,,
2209-XADXF,0,0,TRUE,,
2212-LYASK,2,1,FALSE,,
2219-MVUSO,0,0,TRUE,,
2227-JRSJX,1,1,TRUE,,
2234-EOFPT,0,0,TRUE,,
2234-XADUH,0,0,TRUE,,
2235-ZGKPT,0,0,TRUE,,
2254-DLXRI,0,0,TRUE,,
2267-FPIMA,0,0,TRUE,,
2272-JKMSI,1,4,FALSE,,
2275-RBYQS,5,1,FALSE,,
2277-BKJKN,0,0,TRUE,,
2300-RQGOI,3,3,TRUE,,
2305-MRGLV,1,3,FALSE,,
2308-STERM,0,0,TRUE,,
2309-OSFEU,0,0,TRUE,,
2332-TODQS,1,1,TRUE,,
2346-DJQTB,0,0,TRUE,,
2348-KCJLT,0,0,TRUE,,
2351-RRBUE,0,0,TRUE,,
2364-UFROM,0,0,TRUE,,
2371-JUNGC,1,1,TRUE,,
2378-HTWFW,0,0,TRUE,,
2379-GYFLQ,0,0,TRUE,,
2382-BCKQJ,4,4,TRUE,,
2397-BRLOM,0,0,TRUE,,
2402-TAIRZ,0,0,TRUE,,
2404-JIBFC,3,0,FALSE,,
2410-CIYFZ,3,3,TRUE,,
2446-BEGGB,3,4,FALSE,,
2452-MRMZF,3,3,TRUE,,
2453-SAFNS,0,0,TRUE,,
2460-NGXBJ,3,3,TRUE,,
2466-FCCPT,3,4,FALSE,,
2466-NEJOJ,0,0,TRUE,,
2468-SJFLM,1,1,TRUE,,
2474-BRUCM,0,0,TRUE,,
2476-YGEFM,0,0,TRUE,,
2478-EEWWM,0,0,TRUE,,
2482-CZGBB,1,1,TRUE,,
2495-INZWQ,1,1,TRUE,,
2495-KZNFB,0,0,TRUE,,
2506-CLAKW,3,3,TRUE,,
2507-QZPQS,0,0,TRUE,,
2511-ALLCS,0,0,TRUE,,
2511-MORQY,3,1,FALSE,,
2519-LBNQL,0,0,TRUE,,
2528-HFYZX,5,5,TRUE,,
2530-FMFXO,0,0,TRUE,,
2541-YGPKE,0,0,TRUE,,
2545-LXYVJ,2,2,TRUE,,
2565-JSLRY,0,0,TRUE,,
2578-JQPHZ,0,0,TRUE,,
2587-YNLES,0,0,TRUE,,
2592-YKDIF,0,0,TRUE,,
2603-HVKCG,0,0,TRUE,,
2607-FBDFF,0,0,TRUE,,
2609-IAICY,3,1,FALSE,,
2612-RRIDN,0,0,TRUE,,
2625-TRCZQ,0,0,TRUE,,
2626-VEEWG,0,0,TRUE,,
2632-TACXW,1,1,TRUE,,
2636-SJDOU,0,0,TRUE,,
2637-FKFSY,1,3,FALSE,,
2642-DTVCO,0,0,TRUE,,
2649-HWLYB,0,0,TRUE,,
2650-GYRYL,0,0,TRUE,,
2669-QVCRG,4,3,FALSE,,
2672-DZUOY,3,5,FALSE,,
2672-HUYVI,3,0,FALSE,,
2672-TGEFF,3,1,FALSE,,
2673-CXQEU,0,0,TRUE,,
2676-OXPPQ,0,0,TRUE,,
2680-XKKNJ,0,0,TRUE,,
2691-NZETQ,0,0,TRUE,,
2692-BUCFV,0,0,TRUE,,
2717-HVIZY,0,0,TRUE,,
2720-FVBQP,0,0,TRUE,,
2725-IWWBA,0,0,TRUE,,
2725-KXXWT,1,1,TRUE,,
2731-GJRDG,0,0,TRUE,,
2754-SDJRD,0,1,FALSE,,
2754-VDLTR,0,0,TRUE,,
2773-MADBQ,0,0,TRUE,,
2778-OCLGR,4,4,TRUE,,
2782-LFZVW,0,0,TRUE,,
2792-LSHWX,5,3,FALSE,,
2798-NYLMZ,0,0,TRUE,,
2800-VEQXM,3,3,TRUE,,
2809-ILCYT,0,0,TRUE,,
2809-ZMYOQ,0,0,TRUE,,
2810-FTLEM,0,0,TRUE,,
2812-ENYMO,0,0,TRUE,,
2812-SFXMJ,0,0,TRUE,,
2815-CPTUL,2,2,TRUE,,
2824-DXNKN,1,3,FALSE,,
2832-KJCRD,0,0,TRUE,,
2832-SCUCO,0,0,TRUE,,
2834-JRTUA,0,0,TRUE,,
2834-SPCJV,0,0,TRUE,,
2842-BCQGE,2,2,TRUE,,
2858-EIMXH,0,0,TRUE,,
2860-RANUS,0,0,TRUE,,
2873-ZLIWT,5,5,TRUE,,
2878-DHMIN,0,0,TRUE,,
2880-FPNAE,0,0,TRUE,,
2883-ILGWO,5,2,FALSE,,
2888-ADFAO,0,0,TRUE,,
2889-FPWRM,0,0,TRUE,,
2892-GESUL,0,0,TRUE,,
2925-MXLSX,0,0,TRUE,,
2926-JEJJC,1,2,FALSE,,
2951-QOQTK,1,1,TRUE,,
2956-GGUCQ,0,0,TRUE,,
2960-NKRSO,0,0,TRUE,,
2961-VNFKL,0,0,TRUE,,
2962-XPMCQ,0,0,TRUE,,
2968-SSGAA,0,0,TRUE,,
2969-VAPYH,0,0,TRUE,,
2971-SGAFL,0,0,TRUE,,
2987-BJXIK,0,0,TRUE,,
2988-GBIVW,3,3,TRUE,,
2988-PLAHS,0,0,TRUE,,
3009-JWMPU,0,0,TRUE,,
3022-BEXHZ,0,0,TRUE,,
3030-ZKIWL,3,3,TRUE,,
3034-ZBEQN,0,0,TRUE,,
3057-VJJQE,0,0,TRUE,,
3061-BCKYI,1,1,TRUE,,
3063-QFSZL,0,0,TRUE,,
3071-MVJCD,0,0,TRUE,,
3074-GQWYX,0,0,TRUE,,
3077-RSNTJ,2,2,TRUE,,
3088-LHEFH,0,0,TRUE,,
3090-HAWSU,0,0,TRUE,,
3091-FYHKI,5,5,TRUE,,
3096-IZETN,5,3,FALSE,,
3096-JRDSO,0,0,TRUE,,
3096-YXENJ,0,0,TRUE,,
3097-PYWXL,0,0,TRUE,,
3104-OWCGK,4,3,FALSE,,
3106-ULWFW,3,2,FALSE,,
3108-PCCGG,0,0,TRUE,,
3115-CZMZD,0,0,TRUE,,
3118-UHVVQ,0,0,TRUE,,
3120-FAZKD,0,0,TRUE,,
3133-PZNSR,0,0,TRUE,,
3137-LUPIX,5,5,TRUE,,
3143-JQEGI,5,5,TRUE,,
3146-JTQHR,0,0,TRUE,,
3148-BLQJT,0,0,TRUE,,
3156-QLHBO,0,0,TRUE,,
3160-TYXLT,1,1,TRUE,,
3161-ONRWK,2,3,FALSE,,
3164-AALRN,0,0,TRUE,,
3173-WSSUE,5,5,TRUE,,
3177-LASXD,0,0,TRUE,,
3179-GBRWV,1,2,FALSE,,
3181-VTHOE,0,0,TRUE,,
3192-NQECA,0,0,TRUE,,
3207-OYBWH,0,0,TRUE,,
3212-KXOCR,0,0,TRUE,,
3221-CJMSG,0,0,TRUE,,
3230-IUALN,0,0,TRUE,,
3235-ETOOB,0,0,TRUE,,
3251-YMVWZ,0,0,TRUE,,
3255-GRXMG,0,0,TRUE,,
3256-EZDBI,0,0,TRUE,,
3258-SYSWS,0,0,TRUE,,
3272-VUHPV,2,2,TRUE,,
3283-WCWXT,0,0,TRUE,,
3296-SILRA,5,5,TRUE,,
3308-MHOOC,1,1,TRUE,,
3318-ISQFQ,0,0,TRUE,,
3318-NMQXL,0,0,TRUE,,
3318-OSATS,1,1,TRUE,,
3320-VEOYC,0,0,TRUE,,
3336-JORSO,2,2,TRUE,,
3345-JHUEO,0,0,TRUE,,
3346-BRMIS,0,0,TRUE,,
3351-NQLDI,0,0,TRUE,,
3352-RICWQ,0,0,TRUE,,
3354-OADJP,0,0,TRUE,,
3373-YZZYM,0,0,TRUE,,
3374-PZLXD,0,0,TRUE,,
3376-BMGFE,0,0,TRUE,,
3387-PLKUI,1,1,TRUE,,
3389-KTRXV,0,0,TRUE,,
3396-DKDEL,0,0,TRUE,,
3398-FSHON,0,0,TRUE,,
3401-URHDA,4,0,FALSE,,
3413-BMNZE,1,1,TRUE,,
3415-TAILE,1,2,FALSE,,
3420-ZDBMA,0,0,TRUE,,
3426-NIYYL,0,0,TRUE,,
3429-IFLEM,0,0,TRUE,,
3440-JPSCL,0,0,TRUE,,
3453-RTHJQ,0,0,TRUE,,
3460-TJBWI,2,3,FALSE,,
3466-RITXD,0,0,TRUE,,
3486-HOOGQ,1,1,TRUE,,
3486-NPGST,0,0,TRUE,,
3496-LFSZU,0,0,TRUE,,
3503-TYDAY,0,0,TRUE,,
3521-HTQTV,0,0,TRUE,,
3528-HFRIQ,0,0,TRUE,,
3536-IQCTX,0,2,FALSE,,
3538-WZPHD,2,2,TRUE,,
3544-FBCAS,0,0,TRUE,,
3547-LQRIK,0,0,TRUE,,
3551-GAEGL,0,0,TRUE,,
3569-EDBPQ,0,0,TRUE,,
3571-DPYUH,0,0,TRUE,,
3572-UUHRS,0,0,TRUE,,
3577-AMVUX,5,5,TRUE,,
3590-TCXTB,1,1,TRUE,,
3594-BDSOA,0,0,TRUE,,
3597-YASZG,0,0,TRUE,,
3627-FCRDW,0,0,TRUE,,
3629-WEAAM,0,0,TRUE,,
3629-ZNKXA,1,1,TRUE,,
3633-CDBUW,0,0,TRUE,,
3638-DIMPH,0,0,TRUE,,
3643-AHCFP,0,0,TRUE,,
3658-QQJYD,0,0,TRUE,,
3672-YITQD,0,0,TRUE,,
3682-YEUWS,3,3,TRUE,,
3688-FTHLT,0,0,TRUE,,
3696-DFHHB,0,0,TRUE,,
3696-XRIEN,0,0,TRUE,,
3703-KBKZP,0,0,TRUE,,
3704-IEAXF,0,0,TRUE,,
3707-LRWZD,0,0,TRUE,,
3714-NTNFO,0,0,TRUE,,
3717-FDJFU,0,0,TRUE,,
3717-OEAUQ,0,0,TRUE,,
3717-OFRTN,0,0,TRUE,,
3722-WPXTK,0,0,TRUE,,
3745-HRPHI,0,0,TRUE,,
3750-RNQKR,0,0,TRUE,,
3750-YHRYO,0,0,TRUE,,
3753-TSEMP,0,0,TRUE,,
3764-MNMOI,0,0,TRUE,,
3766-EJLFL,0,0,TRUE,,
3768-VHXQO,3,3,TRUE,,
3771-PZOBW,0,0,TRUE,,
3785-NRHYR,0,0,TRUE,,
3786-WOVKF,0,0,TRUE,,
3797-VTIDR,0,0,TRUE,,
3800-LYTRK,0,0,TRUE,,
3801-HMYNL,3,3,TRUE,,
3807-BPOMJ,0,0,TRUE,,
3810-DVDQQ,4,4,TRUE,,
3813-DHBBB,0,0,TRUE,,
3836-FZSDJ,0,0,TRUE,,
3841-CONLJ,1,1,TRUE,,
3853-LYGAM,1,1,TRUE,,
3870-MQAMG,1,1,TRUE,,
3873-WOSBC,0,0,TRUE,,
3877-JRJIP,0,0,TRUE,,
3889-VWBID,1,0,FALSE,,
3891-NLXJB,1,1,TRUE,,
3896-RCYYE,0,0,TRUE,,
3908-BLSYF,0,0,TRUE,,
3911-RSNHI,1,1,TRUE,,
3934-HXCFZ,0,0,TRUE,,
3946-JEWRQ,3,3,TRUE,,
3951-NJCVI,0,0,TRUE,,
3956-CJUST,0,0,TRUE,,
3966-HRMZA,1,1,TRUE,,
3970-XGJDU,0,0,TRUE,,
3973-SKMLN,0,0,TRUE,,
3990-QYKBE,1,3,FALSE,,
4007-NHVHI,0,0,TRUE,,
4011-ARPHK,0,0,TRUE,,
4018-PPNDW,0,0,TRUE,,
4020-KIUDI,0,0,TRUE,,
4056-QHXHZ,0,0,TRUE,,
4057-FKCZK,0,0,TRUE,,
4063-EIKNQ,0,0,TRUE,,
4072-IPYLT,0,0,TRUE,,
4079-ULGFR,0,0,TRUE,,
4079-WWQQQ,1,1,TRUE,,
4091-TVOCN,0,0,TRUE,,
4104-PVRPS,3,1,FALSE,,
4106-HADHQ,0,0,TRUE,,
4115-NZRKS,0,0,TRUE,,
4115-UMJFQ,0,0,TRUE,,
4129-LYCOI,5,5,TRUE,,
4134-BSXLX,2,3,FALSE,,
4140-WJAWW,0,0,TRUE,,
4143-OOBWZ,0,0,TRUE,,
4184-TJFAN,0,0,TRUE,,
4193-ORFCL,0,0,TRUE,,
4194-WHFCB,0,0,TRUE,,
4195-NZGTA,0,0,TRUE,,
4195-PNGZS,0,0,TRUE,,
4223-BKEOR,4,3,FALSE,,
4223-WOZCM,2,4,FALSE,,
4227-OJHAL,5,1,FALSE,,
4232-JGKIY,0,0,TRUE,,
4236-XPXAV,0,0,TRUE,,
4250-ZBWLV,0,0,TRUE,,
4273-MBHYA,4,4,TRUE,,
4277-BWBML,0,0,TRUE,,
4291-HYEBC,0,0,TRUE,,
4293-ETKAP,0,0,TRUE,,
4299-OPXEJ,5,5,TRUE,,
4299-SIMNS,1,1,TRUE,,
4302-ZYFEL,1,1,TRUE,,
4323-ELYYB,1,1,TRUE,,
4329-YPDDQ,0,0,TRUE,,
4334-HOWRP,0,0,TRUE,,
4335-UPJSI,0,0,TRUE,,
4351-QLCSU,0,0,TRUE,,
4353-HYOJD,5,5,TRUE,,
4359-INNWN,0,0,TRUE,,
4367-NUYAO,2,5,FALSE,,
4398-HSCJH,0,0,TRUE,,
4402-FTBXC,0,0,TRUE,,
4415-IJZTP,0,0,TRUE,,
4424-TKOPW,0,0,TRUE,,
4429-WYGFR,4,1,FALSE,,
4439-JMPMT,0,0,TRUE,,
4441-NIHPT,1,1,TRUE,,
4445-KWOKW,2,2,TRUE,,
4446-BZKHU,4,4,TRUE,,
4451-RWASJ,0,0,TRUE,,
4458-KVRBJ,0,0,TRUE,,
4472-VESGY,0,0,TRUE,,
4476-OSWTN,0,0,TRUE,,
4482-EWFMI,1,1,TRUE,,
4484-CGXFK,0,0,TRUE,,
4486-EFAEB,0,0,TRUE,,
4487-ZYJZK,0,0,TRUE,,
4488-KQFDT,0,0,TRUE,,
4489-SNOJF,0,0,TRUE,,
4495-LHSSK,1,1,TRUE,,
4503-BDXBD,0,0,TRUE,,
4508-OEBEY,0,0,TRUE,,
4518-FZBSX,0,0,TRUE,,
4522-XRWWI,0,0,TRUE,,
4536-PLEQY,0,0,TRUE,,
4544-RXFMG,0,0,TRUE,,
4547-FZJWE,5,1,FALSE,,
4548-SDBKE,0,0,TRUE,,
4558-FANTW,0,0,TRUE,,
4565-EVZMJ,0,0,TRUE,,
4576-CSAJH,1,1,TRUE,,
4584-LBNMK,0,0,TRUE,,
4587-VVTOX,0,0,TRUE,,
4588-YBNIB,0,0,TRUE,,
4611-ANLQC,5,3,FALSE,,
4623-ZKHLY,2,2,TRUE,,
4647-MUZON,0,0,TRUE,,
4654-DLAMQ,0,0,TRUE,,
4654-GGUII,1,1,TRUE,,
4659-NZRUF,4,4,TRUE,,
4661-NJEUX,0,0,TRUE,,
4664-NJCMS,5,1,FALSE,,
4672-FOTSD,0,0,TRUE,,
4680-KUTAJ,0,0,TRUE,,
4682-BLBUC,0,0,TRUE,,
4685-ERGHK,1,1,TRUE,,
4685-TFLLS,0,0,TRUE,,
4698-KVLLG,0,0,TRUE,,
4703-MQYKT,4,4,TRUE,,
4704-ERYFC,0,0,TRUE,,
4707-MAXGU,0,0,TRUE,,
4718-WXBGI,0,0,TRUE,,
4735-BJKOU,5,2,FALSE,,
4742-TXUEX,0,0,TRUE,,
4763-PGDPO,0,0,TRUE,,
4765-OXPPD,0,0,TRUE,,
4776-XSKYQ,2,1,FALSE,,
4778-IZARL,1,1,TRUE,,
4779-ZGICK,1,1,TRUE,,
4785-QRJHC,0,0,TRUE,,
4791-QRGMF,1,1,TRUE,,
4795-UXVCJ,0,0,TRUE,,
4800-VHZKI,0,0,TRUE,,
4815-GBTCD,0,0,TRUE,,
4815-YOSUK,0,0,TRUE,,
4817-KEQSP,0,0,TRUE,,
4818-QIUFN,0,0,TRUE,,
4822-NGOCH,3,4,FALSE,,
4822-RVYBB,5,5,TRUE,,
4822-YCXMX,3,2,FALSE,,
4827-LTQRJ,2,2,TRUE,,
4829-AUOAX,0,0,TRUE,,
4833-QTJNO,4,1,FALSE,,
4836-WNFNO,0,0,TRUE,,
4837-PZTIC,4,3,FALSE,,
4854-CIDCF,4,4,TRUE,,
4860-YZGZM,0,0,TRUE,,
4869-EPIUS,3,3,TRUE,,
4873-ILOLJ,4,4,TRUE,,
4883-QICIH,0,0,TRUE,,
4884-TVUQF,3,3,TRUE,,
4890-VMUAV,0,0,TRUE,,
4893-GYUJU,0,0,TRUE,,
4900-MSOMT,0,0,TRUE,,
4905-JEFDW,0,0,TRUE,,
4908-XAXAY,0,0,TRUE,,
4910-AQFFX,0,0,TRUE,,
4910-GMJOT,0,0,TRUE,,
4911-BANWH,0,0,TRUE,,
4919-IKATY,0,0,TRUE,,
4925-LMHOK,5,5,TRUE,,
4942-VZZOM,0,0,TRUE,,
4945-RVMTE,0,0,TRUE,,
4946-EDSEW,0,0,TRUE,,
4950-BDEUX,0,0,TRUE,,
4950-HKQTE,0,0,TRUE,,
4951-UKAAQ,0,0,TRUE,,
4955-VCWBI,1,1,TRUE,,
4967-WPNCF,0,0,TRUE,,
4971-PUYQO,2,1,FALSE,,
4976-LNFVV,0,0,TRUE,,
4980-URKXC,0,0,TRUE,,
4981-FLTMF,4,4,TRUE,,
4987-GQWPO,3,3,TRUE,,
4989-LIXVT,0,0,TRUE,,
4992-LTJNE,0,0,TRUE,,
5002-GCQFH,0,0,TRUE,,
5010-IPEAQ,5,5,TRUE,,
5016-LIPDW,4,4,TRUE,,
5018-GWURO,5,5,TRUE,,
5018-LXQQG,0,0,TRUE,,
5022-JNQEQ,0,0,TRUE,,
5022-KVDQT,0,0,TRUE,,
5025-GOOKI,0,0,TRUE,,
5027-XWQHA,0,0,TRUE,,
5028-GZLDO,3,1,FALSE,,
5032-MIYKT,0,0,TRUE,,
5032-USPKF,3,3,TRUE,,
5035-BVCXS,0,0,TRUE,,
5039-LZRQT,5,5,TRUE,,
5043-TRZWM,4,4,TRUE,,
5049-MUBWG,1,2,FALSE,,
5056-FIMPT,3,3,TRUE,,
5057-LCOUI,0,0,TRUE,,
5061-PBXFW,0,0,TRUE,,
5066-GFJMM,5,5,TRUE,,
5071-FBJFS,1,1,TRUE,,
5075-JSDKI,0,3,FALSE,,
5090-EMGTC,0,0,TRUE,,
5093-FEGLU,0,0,TRUE,,
5108-ADXWO,0,0,TRUE,,
5115-GZDEL,1,1,TRUE,,
5125-CNDSP,0,0,TRUE,,
5126-RCXYW,0,0,TRUE,,
5136-GFPMB,0,0,TRUE,,
5136-RGMZO,0,0,TRUE,,
5138-WVKYJ,0,0,TRUE,,
5144-PQCDZ,0,0,TRUE,,
5150-ITWWB,0,0,TRUE,,
5151-HQRDG,0,0,TRUE,,
5173-ZXXXL,0,0,TRUE,,
5175-AOBHI,0,0,TRUE,,
5175-WLYXL,0,0,TRUE,,
5183-SNMJQ,0,0,TRUE,,
5197-LQXXH,0,0,TRUE,,
5199-FPUSP,3,3,TRUE,,
5201-FRKKS,0,0,TRUE,,
5206-HPJKM,0,0,TRUE,,
5233-AOZUF,0,0,TRUE,,
5240-IJOQT,0,0,TRUE,,
5248-KWLAR,0,0,TRUE,,
5248-RPYWW,0,0,TRUE,,
5260-UMPWX,0,0,TRUE,,
5274-XHAKY,0,0,TRUE,,
5276-KQWHG,0,0,TRUE,,
5288-AHOUP,0,0,TRUE,,
5299-RULOA,0,0,TRUE,,
5299-SJCZT,0,0,TRUE,,
5307-DZCVC,0,0,TRUE,,
5307-UVGNB,0,0,TRUE,,
5321-NTRKC,0,0,TRUE,,
5329-KRDTM,0,0,TRUE,,
5331-RGMTT,1,1,TRUE,,
5338-YHWYT,3,3,TRUE,,
5343-SGUBI,0,0,TRUE,,
5346-BZCHP,0,0,TRUE,,
5356-RHIPP,1,1,TRUE,,
5376-PCKNB,1,4,FALSE,,
5378-IKEEG,0,0,TRUE,,
5382-SOYZL,0,0,TRUE,,
5386-THSLQ,0,0,TRUE,,
5393-RXQSZ,0,0,TRUE,,
5394-SVGJV,5,5,TRUE,,
5396-IZEPB,5,5,TRUE,,
5399-ZIMKF,2,1,FALSE,,
5419-CONWX,3,2,FALSE,,
5424-RLQLC,0,0,TRUE,,
5442-BXVND,0,0,TRUE,,
5456-ITGIC,0,0,TRUE,,
5472-CVMDX,3,3,TRUE,,
5481-NTDOH,0,0,TRUE,,
5482-PLVPE,0,0,TRUE,,
5495-GPSRW,0,0,TRUE,,
5498-IBWPI,0,0,TRUE,,
5499-ECUTN,0,0,TRUE,,
5504-WSIUR,0,0,TRUE,,
5505-OVWQW,0,0,TRUE,,
5515-IDEJJ,0,0,TRUE,,
5524-KHNJP,0,0,TRUE,,
5536-RTPWK,0,0,TRUE,,
5542-DHSXL,0,0,TRUE,,
5561-NWEVX,0,0,TRUE,,
5562-YJQGT,0,0,TRUE,,
5567-GZKQY,3,1,FALSE,,
5569-IDSEY,0,0,TRUE,,
5572-ZDXHY,4,4,TRUE,,
5575-GNVDE,0,0,TRUE,,
5597-GLBUC,0,0,TRUE,,
5598-IKHQQ,0,0,TRUE,,
5599-HVLTW,3,1,FALSE,,
5619-PTMIK,0,0,TRUE,,
5651-YLPRD,0,0,TRUE,,
5655-JSMZM,0,0,TRUE,,
5656-MJEFC,4,4,TRUE,,
5663-QBGIS,0,0,TRUE,,
5666-CYCYZ,3,3,TRUE,,
5676-CFLYY,0,0,TRUE,,
5686-CMAWK,0,0,TRUE,,
5698-BQJOH,0,0,TRUE,,
5699-BNCAS,0,0,TRUE,,
5702-SKUOB,3,3,TRUE,,
5707-ORNDZ,2,1,FALSE,,
5726-CVNYA,0,0,TRUE,,
5740-YHGTW,0,0,TRUE,,
5747-PMBSQ,0,0,TRUE,,
5760-WRAHC,0,0,TRUE,,
5766-XQXMQ,0,0,TRUE,,
5780-INQIK,0,0,TRUE,,
5781-RFZRP,0,0,TRUE,,
5787-KXGIY,0,0,TRUE,,
5791-KAJFD,0,0,TRUE,,
5793-YOLJN,3,3,TRUE,,
5803-NQJZO,0,1,FALSE,,
5815-HGGHV,0,0,TRUE,,
5816-QVHRX,0,0,TRUE,,
5816-SCGFC,0,0,TRUE,,
5825-XJOCM,0,4,FALSE,,
5832-TRLPB,0,0,TRUE,,
5834-ASPWA,0,0,TRUE,,
5868-YTYKS,0,0,TRUE,,
5868-YWPDW,0,0,TRUE,,
5895-QSXOD,1,5,FALSE,,
5896-NPFWW,0,0,TRUE,,
5899-OUVKV,0,0,TRUE,,
5909-ECHUI,3,1,FALSE,,
5914-DVBWJ,0,0,TRUE,,
5918-VUKWP,0,0,TRUE,,
5923-GXUOC,0,0,TRUE,,
5956-YHHRX,0,0,TRUE,,
5960-WPXQM,1,5,FALSE,,
5961-VUSRV,0,0,TRUE,,
5968-HYJRZ,3,1,FALSE,,
5968-VXZLG,0,0,TRUE,,
5976-JCJRH,0,0,TRUE,,
5980-BDHPY,0,0,TRUE,,
5981-ZVXOT,0,0,TRUE,,
5982-FPVQN,1,1,TRUE,,
5989-AXPUC,0,0,TRUE,,
5989-OMNJE,0,0,TRUE,,
5995-LFTLE,3,3,TRUE,,
5995-OIGLP,1,0,FALSE,,
5995-WWKKG,0,0,TRUE,,
5996-EBTKM,3,3,TRUE,,
5996-NRVXR,1,1,TRUE,,
6007-TCTST,1,1,TRUE,,
6023-YEBUP,0,0,TRUE,,
6034-YMTOB,0,0,TRUE,,
6040-CGACY,1,1,TRUE,,
6047-SUHPR,1,0,FALSE,,
6051-PTVNS,1,1,TRUE,,
6072-NUQCB,0,0,TRUE,,
6080-TCMYC,3,3,TRUE,,
6100-FJZDG,0,0,TRUE,,
6103-QCKFX,0,0,TRUE,,
6112-KTHFQ,0,0,TRUE,,
6120-RJKLU,0,0,TRUE,,
6121-TNHBO,0,0,TRUE,,
6122-EFVKN,0,0,TRUE,,
6122-LJADA,3,3,TRUE,,
6134-KWTBV,0,0,TRUE,,
6137-NICCO,3,3,TRUE,,
6143-JQKEA,2,5,FALSE,,
6145-NNPNO,0,0,TRUE,,
6166-YIPFO,1,1,TRUE,,
6168-YBYNP,0,0,TRUE,,
6169-PGNCD,0,0,TRUE,,
6177-PEVRA,1,4,FALSE,,
6180-YBIQI,0,0,TRUE,,
6181-AXXYF,0,0,TRUE,,
6198-RTPMF,4,1,FALSE,,
6198-ZFIOJ,1,1,TRUE,,
6202-DYYFX,1,1,TRUE,,
6203-HBZPA,0,0,TRUE,,
6215-NQCPY,1,1,TRUE,,
6242-MBHPK,1,1,TRUE,,
6243-OZGFH,0,0,TRUE,,
6252-DFGTK,0,0,TRUE,,
6258-NGCNG,0,0,TRUE,,
6261-LHRTG,0,0,TRUE,,
6261-RCVNS,0,0,TRUE,,
6265-SXWBU,0,0,TRUE,,
6270-OMFIW,0,0,TRUE,,
6281-FKEWS,0,0,TRUE,,
6297-NOOPG,0,0,TRUE,,
6319-IEJWJ,0,0,TRUE,,
6319-QSUSR,0,0,TRUE,,
6331-EWIEB,0,0,TRUE,,
6339-DKLMK,1,1,TRUE,,
6339-YPSAH,0,0,TRUE,,
6348-SNFUS,2,1,FALSE,,
6350-XFYGW,0,0,TRUE,,
6357-JJPQT,3,4,FALSE,,
6360-SVNWV,0,0,TRUE,,
6374-NTQLP,0,0,TRUE,,
6377-KSLXC,0,0,TRUE,,
6388-TABGU,0,0,TRUE,,
6402-ZFPPI,0,0,TRUE,,
6408-WHTEF,0,0,TRUE,,
6416-JNVRK,0,0,TRUE,,
6416-YJTTB,0,0,TRUE,,
6429-SHBCB,0,0,TRUE,,
6439-GTPCA,0,0,TRUE,,
6447-GORXK,0,0,TRUE,,
6457-USBER,1,1,TRUE,,
6458-CYIDZ,0,0,TRUE,,
6479-VDGRK,0,0,TRUE,,
6481-LXPWL,0,0,TRUE,,
6481-OGDOO,1,3,FALSE,,
6484-LATFU,0,0,TRUE,,
6485-QXWWE,0,0,TRUE,,
6500-JVEGC,4,1,FALSE,,
6510-UPNKS,0,0,TRUE,,
6516-NKQBO,0,0,TRUE,,
6521-YYTYI,0,0,TRUE,,
6537-OTKMY,0,0,TRUE,,
6559-ILWKJ,0,0,TRUE,,
6567-HOOPW,2,4,FALSE,,
6575-SUVOI,4,1,FALSE,,
6578-KRMAW,0,0,TRUE,,
6582-PLFUU,3,3,TRUE,,
6583-SZVGP,1,1,TRUE,,
6595-COKXZ,3,4,FALSE,,
6608-QQLVK,1,1,TRUE,,
6620-JDYNW,5,5,TRUE,,
6630-UJZMY,0,0,TRUE,,
6641-XRPSU,1,1,TRUE,,
6653-CBBOM,0,0,TRUE,,
6670-MFRPK,0,0,TRUE,,
6680-NENYN,0,0,TRUE,,
6681-ZSEXG,0,0,TRUE,,
6689-KXGBO,0,0,TRUE,,
6689-VRRTK,0,0,TRUE,,
6692-UDPJC,0,0,TRUE,,
6693-FRIRW,1,1,TRUE,,
6698-OXETB,0,0,TRUE,,
6701-YVNQG,0,0,TRUE,,
6723-CEGQI,0,0,TRUE,,
6728-WYQBC,1,1,TRUE,,
6729-FZWSY,0,0,TRUE,,
6734-PSBAW,2,2,TRUE,,
6736-DHUQI,4,4,TRUE,,
6741-EGCBI,0,0,TRUE,,
6745-JEFZB,3,2,FALSE,,
6754-LZUKA,1,1,TRUE,,
6762-QVYJO,0,0,TRUE,,
6770-XUAGN,1,1,TRUE,,
6777-TGHTM,0,0,TRUE,,
6778-EICRF,0,0,TRUE,,
6786-OBWQR,0,0,TRUE,,
6794-HKIAJ,0,0,TRUE,,
6814-ZPWFQ,0,0,TRUE,,
6818-WOBHJ,0,0,TRUE,,
6821-BUXUX,0,0,TRUE,,
6844-DZKRF,0,0,TRUE,,
6849-OYAMU,0,0,TRUE,,
6854-EXGSF,0,0,TRUE,,
6869-FGJJC,0,0,TRUE,,
6870-ECSHE,0,0,TRUE,,
6872-HXFNF,0,0,TRUE,,
6888-SBYAI,0,0,TRUE,,
6890-PFRQX,0,0,TRUE,,
6898-MDLZW,1,1,TRUE,,
6898-RBTLU,1,1,TRUE,,
6900-RBKER,0,0,TRUE,,
6905-NIQIN,0,0,TRUE,,
6907-CQGPN,0,0,TRUE,,
6917-IAYHD,0,0,TRUE,,
6918-UMQCG,0,0,TRUE,,
6919-ELBGL,0,0,TRUE,,
6923-AQONU,0,0,TRUE,,
6923-JHPMP,0,0,TRUE,,
6925-BAYGL,0,0,TRUE,,
6927-WTFIV,1,1,TRUE,,
6933-VLYFX,3,3,TRUE,,
6956-SMUCM,1,1,TRUE,,
6963-EZQEE,3,4,FALSE,,
6969-MVBAI,0,0,TRUE,,
6980-IMXXE,0,0,TRUE,,
6987-XQSJT,0,0,TRUE,,
6993-OHLXR,0,0,TRUE,,
6999-CHVCF,3,3,TRUE,,
7008-LZVOZ,0,0,TRUE,,
7009-LGECI,0,0,TRUE,,
7010-BRBUU,0,0,TRUE,,
7016-NVRIC,0,0,TRUE,,
7017-VFHAY,0,0,TRUE,,
7018-FPXHH,0,0,TRUE,,
7020-OZKXZ,1,1,TRUE,,
7033-CLAMM,3,3,TRUE,,
7036-TYDEC,0,0,TRUE,,
7037-MTYVW,3,1,FALSE,,
7041-TXQJH,0,0,TRUE,,
7054-DMVAS,5,5,TRUE,,
7054-ENNGU,0,0,TRUE,,
7055-JCGNI,0,0,TRUE,,
7056-IMHCC,0,0,TRUE,,
7067-KSAZT,4,4,TRUE,,
7083-YNSKY,0,0,TRUE,,
7089-RKVSZ,0,0,TRUE,,
7096-ZNBZI,5,5,TRUE,,
7102-JJVTX,1,0,FALSE,,
7103-ZGVNT,0,0,TRUE,,
7120-RFMVS,0,0,TRUE,,
7123-WQUHX,0,0,TRUE,,
7124-UGSUR,5,5,TRUE,,
7128-GGCNO,0,0,TRUE,,
7130-YXBRO,0,0,TRUE,,
7133-VBDCG,0,0,TRUE,,
7134-HBPBS,0,0,TRUE,,
7137-NAXML,0,0,TRUE,,
7142-HVGBG,3,3,TRUE,,
7156-MHUGY,0,0,TRUE,,
7159-NOKYQ,0,0,TRUE,,
7176-WIONM,5,3,FALSE,,
7176-WRTNX,0,0,TRUE,,
7180-PISOG,2,1,FALSE,,
7182-OVLBJ,0,0,TRUE,,
7205-BAIAD,0,0,TRUE,,
7206-PQBBZ,0,0,TRUE,,
7216-EWTRS,0,0,TRUE,,
7225-IILWY,0,0,TRUE,,
7228-OMTPN,0,0,TRUE,,
7228-PAQPD,0,0,TRUE,,
7240-FQLHE,1,1,TRUE,,
7245-NIIWQ,4,4,TRUE,,
7252-NTGSS,0,0,TRUE,,
7277-KAMWT,0,0,TRUE,,
7291-CDTMJ,0,0,TRUE,,
7297-DVYGA,3,3,TRUE,,
7302-ZHMHP,0,0,TRUE,,
7315-WYOAW,0,0,TRUE,,
7319-ZNRTR,1,1,TRUE,,
7338-ERIVA,0,0,TRUE,,
7343-EOBEU,2,2,TRUE,,
7349-ALMUX,0,0,TRUE,,
7351-KYHQH,0,0,TRUE,,
7356-IWLFW,3,3,TRUE,,
7379-POKDZ,0,0,TRUE,,
7395-XWZOY,0,0,TRUE,,
7408-OFWXJ,0,0,TRUE,,
7426-GSWPO,3,5,FALSE,,
7427-AUFPY,0,0,TRUE,,
7445-WMRBW,1,1,TRUE,,
7452-FOLON,5,1,FALSE,,
7460-ITWWP,0,0,TRUE,,
7469-LKBCI,1,1,TRUE,,
7471-WNSUF,0,0,TRUE,,
7488-MXJIV,3,3,TRUE,,
7492-TAFJD,0,0,TRUE,,
7511-YMXVQ,0,0,TRUE,,
7544-ZVIKX,0,0,TRUE,,
7547-EKNFS,0,0,TRUE,,
7558-IMLMT,5,1,FALSE,,
7562-UXTPG,0,0,TRUE,,
7567-ECMCM,0,0,TRUE,,
7593-JNWRU,1,1,TRUE,,
7601-GNDYK,0,0,TRUE,,
7603-USHJS,4,4,TRUE,,
7605-BDWDC,1,1,TRUE,,
7610-TVOPG,0,0,TRUE,,
7622-FWGEW,0,0,TRUE,,
7622-NXQZR,0,0,TRUE,,
7629-WFGLW,0,0,TRUE,,
7629-WIXZF,0,0,TRUE,,
7636-XUHWW,2,1,FALSE,,
7639-LIAYI,0,0,TRUE,,
7649-PHJVR,1,1,TRUE,,
7670-ZBPOQ,0,0,TRUE,,
7694-VLBWQ,0,1,FALSE,,
7711-YIJWC,0,0,TRUE,,
7716-YTYHG,2,2,TRUE,,
7718-RXDGG,0,0,TRUE,,
7730-CLDSV,0,0,TRUE,,
7734-DBOAI,0,0,TRUE,,
7740-BTPUX,0,0,TRUE,,
7746-AWNQW,0,0,TRUE,,
7748-UMTRK,5,5,TRUE,,
7752-XUSCI,0,0,TRUE,,
7760-OYPDY,1,1,TRUE,,
7765-LWVVH,0,0,TRUE,,
7779-LGOVN,1,1,TRUE,,
7781-EWARA,0,0,TRUE,,
7781-HVGMK,0,0,TRUE,,
7789-HKSBS,0,0,TRUE,,
7794-JASDG,0,0,TRUE,,
7795-CFOCW,0,0,TRUE,,
7798-JVXYM,0,0,TRUE,,
7799-LGRDP,1,0,FALSE,,
7803-XOCCZ,0,0,TRUE,,
7808-DVWEP,0,0,TRUE,,
7824-PANSQ,0,0,TRUE,,
7826-VVKWT,0,0,TRUE,,
7845-URHJN,0,0,TRUE,,
7850-THJMU,0,0,TRUE,,
7853-OETYL,1,1,TRUE,,
7853-WNZSY,3,1,FALSE,,
7854-EDSSA,0,0,TRUE,,
7855-DIWPO,0,0,TRUE,,
7858-GTZSP,0,0,TRUE,,
7860-UXCRM,0,0,TRUE,,
7868-TMWMZ,0,0,TRUE,,
7872-RDDLZ,0,0,TRUE,,
7898-PDWQE,3,3,TRUE,,
7901-TBKJX,0,0,TRUE,,
7938-OUHIO,4,4,TRUE,,
7943-RQCHR,0,0,TRUE,,
7952-OBOYL,0,0,TRUE,,
7963-GQRMY,0,0,TRUE,,
7975-JMZNT,0,0,TRUE,,
7982-VCELR,1,3,FALSE,,
7993-PYKOF,0,1,FALSE,,
7994-XIRTR,4,4,TRUE,,
7998-WNZEM,1,1,TRUE,,
8000-REIQB,0,0,TRUE,,
8008-HAWED,0,0,TRUE,,
8017-LXHFA,0,0,TRUE,,
8019-ENHXU,0,0,TRUE,,
8020-BWHYL,3,3,TRUE,,
8049-WJCLQ,0,0,TRUE,,
8050-DVOJX,0,0,TRUE,,
8051-HJRLT,3,5,FALSE,,
8067-NIOYM,0,0,TRUE,,
8082-GHXOP,0,0,TRUE,,
8087-LGYHQ,0,0,TRUE,,
8106-GWQOK,0,0,TRUE,,
8107-KNCIM,5,5,TRUE,,
8129-GMVGI,0,0,TRUE,,
8143-ETQTI,0,0,TRUE,,
8148-BPLZQ,0,0,TRUE,,
8155-IBNHG,0,0,TRUE,,
8166-ORCHU,0,0,TRUE,,
8178-EYZUO,1,3,FALSE,,
8185-UPYBR,0,0,TRUE,,
8191-XWSZG,0,0,TRUE,,
8197-BFWVU,0,0,TRUE,,
8198-RKSZG,0,0,TRUE,,
8204-YJCLA,0,0,TRUE,,
8207-DMRVL,1,1,TRUE,,
8207-VVMYB,0,0,TRUE,,
8219-VYBVI,1,0,FALSE,,
8224-DWCKX,0,0,TRUE,,
8229-BUJHX,0,0,TRUE,,
8231-BSWXX,0,0,TRUE,,
8232-UTFOZ,0,0,TRUE,,
8237-ULIXL,0,0,TRUE,,
8242-PDSGJ,5,5,TRUE,,
8245-UMPYT,2,4,FALSE,,
8249-THVEC,0,0,TRUE,,
8250-ZNGGW,0,0,TRUE,,
8258-GSTJK,5,5,TRUE,,
8259-DZLIZ,0,0,TRUE,,
8260-NGFNY,0,0,TRUE,,
8262-COGGB,0,0,TRUE,,
8263-JQAIK,0,0,TRUE,,
8263-OKETD,0,0,TRUE,,
8272-ONJLV,0,0,TRUE,,
8276-MQBYC,3,3,TRUE,,
8280-MQRQN,0,0,TRUE,,
8285-ABVLB,0,0,TRUE,,
8292-TYSPY,0,0,TRUE,,
8309-IEYJD,3,3,TRUE,,
8309-PPCED,0,0,TRUE,,
8314-DPQHL,0,0,TRUE,,
8314-HTWVE,0,0,TRUE,,
8327-LZKAS,0,0,TRUE,,
8327-WKMIE,3,3,TRUE,,
8329-UTMVM,3,3,TRUE,,
8344-WFMFH,0,0,TRUE,,
8345-MVDYC,0,0,TRUE,,
8378-LKJAF,0,0,TRUE,,
8383-SGHJU,0,0,TRUE,,
8398-TBIYD,0,0,TRUE,,
8401-EMUWF,0,0,TRUE,,
8404-FYDIB,3,4,FALSE,,
8404-GFGCZ,0,0,TRUE,,
8404-VIOMB,1,1,TRUE,,
8406-LNMHF,0,0,TRUE,,
8434-PNQZX,0,0,TRUE,,
8443-WVPSS,1,1,TRUE,,
8480-PPONV,1,1,TRUE,,
8519-IMDHU,1,1,TRUE,,
8519-QJGJD,0,0,TRUE,,
8544-GOQSH,0,0,TRUE,,
8548-AWOFC,0,0,TRUE,,
8552-OBVRU,0,0,TRUE,,
8563-OYMQY,1,1,TRUE,,
8565-HBFNN,0,0,TRUE,,
8571-ZCMCX,1,1,TRUE,,
8582-KRHPJ,0,0,TRUE,,
8592-PLTMQ,0,0,TRUE,,
8626-PTQGE,5,5,TRUE,,
8640-SDGKB,5,1,FALSE,,
8642-GVWRF,5,5,TRUE,,
8644-XYTSV,0,0,TRUE,,
8652-YHIYU,0,0,TRUE,,
8661-BOYNW,2,1,FALSE,,
8665-UTDHZ,0,0,TRUE,,
8670-MEFCP,0,0,TRUE,,
8672-OAUPW,0,0,TRUE,,
8680-CGLTP,3,3,TRUE,,
8707-RMEZH,1,3,FALSE,,
8714-CTZJW,0,0,TRUE,,
8735-NBLWT,0,0,TRUE,,
8739-WWKDU,0,0,TRUE,,
8739-XNIKG,0,0,TRUE,,
8745-PVESG,0,0,TRUE,,
8746-OQQRW,0,0,TRUE,,
8757-TFHHJ,0,0,TRUE,,
8775-CEBBJ,0,0,TRUE,,
8775-ERLNB,0,0,TRUE,,
8777-MBMTS,0,0,TRUE,,
8778-LMWTJ,1,3,FALSE,,
8806-EAGWC,0,0,TRUE,,
8847-GEOOQ,0,0,TRUE,,
8849-AYPTR,0,0,TRUE,,
8849-PRIQJ,0,0,TRUE,,
8854-CCVSQ,0,0,TRUE,,
8859-AXJZP,0,0,TRUE,,
8859-YSTWS,5,5,TRUE,,
8868-WOZGU,0,0,TRUE,,
8869-LIHMK,5,5,TRUE,,
8873-TMKGR,0,0,TRUE,,
8874-EJNSR,0,0,TRUE,,
8879-XUAHX,0,0,TRUE,,
8884-ADFVN,0,0,TRUE,,
8884-MRNSU,0,0,TRUE,,
8898-KASCD,0,0,TRUE,,
8901-HJXTF,0,0,TRUE,,
8902-ZEOVF,0,0,TRUE,,
8903-WMRNW,0,0,TRUE,,
8908-NMQTX,0,0,TRUE,,
8909-BOLNL,0,0,TRUE,,
8922-LIEGH,2,2,TRUE,,
8945-GRKHX,0,0,TRUE,,
8949-JTMAY,0,0,TRUE,,
8966-KZXXA,1,2,FALSE,,
8984-HPEMB,0,0,TRUE,,
8985-OOPOS,0,0,TRUE,,
8999-BOHSE,2,2,TRUE,,
9018-PCIOK,0,0,TRUE,,
9025-AOMKI,3,3,TRUE,,
9025-ZRPVR,4,4,TRUE,,
9028-LIHRP,0,0,TRUE,,
9029-FEGVJ,0,0,TRUE,,
9033-EOXWV,1,1,TRUE,,
9039-RBEEE,0,0,TRUE,,
9046-DQMTP,4,4,TRUE,,
9052-DHNKM,0,0,TRUE,,
9066-QRSDU,0,0,TRUE,,
9067-SQTNS,0,0,TRUE,,
9067-YGSCA,0,0,TRUE,,
9070-BCKQP,5,5,TRUE,,
9073-ZZIAY,1,1,TRUE,,
9087-EYCPR,0,0,TRUE,,
9095-HFAFX,0,0,TRUE,,
9110-HSGTV,0,0,TRUE,,
9114-AAFQH,0,0,TRUE,,
9117-SHLZX,0,0,TRUE,,
9134-CEQMF,5,5,TRUE,,
9137-UIYPG,1,1,TRUE,,
9150-HEPMB,1,1,TRUE,,
9168-INPSZ,0,0,TRUE,,
9169-BSVIN,0,0,TRUE,,
9191-MYQKX,0,0,TRUE,,
9220-CXRSC,0,0,TRUE,,
9220-ZNKJI,0,0,TRUE,,
9221-OTIVJ,0,0,TRUE,,
9223-UCPVT,5,5,TRUE,,
9225-BZLNZ,0,0,TRUE,,
9227-YBAXE,1,1,TRUE,,
9242-TKFSV,3,4,FALSE,,
9249-FXSCK,0,0,TRUE,,
9253-QXKBE,0,0,TRUE,,
9253-VIFJQ,0,0,TRUE,,
9257-AZMTZ,3,3,TRUE,,
9274-CNFMO,0,0,TRUE,,
9286-BHDQG,0,0,TRUE,,
9294-TDIPC,0,0,TRUE,,
9308-ANMVE,1,1,TRUE,,
9313-CDOGY,0,0,TRUE,,
9314-IJWSQ,0,0,TRUE,,
9327-QSDED,3,3,TRUE,,
9330-DHBFL,0,0,TRUE,,
9330-VOFSZ,0,0,TRUE,,
9332-GYWLO,0,0,TRUE,,
9355-NPPFS,2,1,FALSE,,
9362-MWODR,1,1,TRUE,,
9365-SRSZE,0,0,TRUE,,
9371-BITHB,2,2,TRUE,,
9373-WSLOY,0,0,TRUE,,
9375-MHRRS,0,0,TRUE,,
9385-EHGDO,0,0,TRUE,,
9398-MMQTO,0,0,TRUE,,
9408-SSNVZ,0,0,TRUE,,
9415-ZNBSX,0,0,TRUE,,
9430-NKQLY,3,0,FALSE,,
9432-VOFYX,3,3,TRUE,,
9435-JMLSX,0,0,TRUE,,
9436-ZBZCT,0,0,TRUE,,
9444-JTXHZ,0,0,TRUE,,
9450-TRJUU,0,0,TRUE,,
9451-WLYRI,0,0,TRUE,,
9467-ROOLM,5,3,FALSE,,
9473-CBZOP,0,0,TRUE,,
9488-FYQAU,1,1,TRUE,,
9492-TOKRI,1,4,FALSE,,
9494-BDNNC,1,1,TRUE,,
9495-REDIY,1,3,FALSE,,
9501-UKKNL,0,0,TRUE,,
9503-XJUME,3,2,FALSE,,
9508-ILZDG,0,0,TRUE,,
9518-XXBXE,0,0,TRUE,,
9522-BNTHX,0,0,TRUE,,
9526-JAWYF,0,0,TRUE,,
9541-PWTWO,2,3,FALSE,,
9541-ZPSEA,3,3,TRUE,,
9544-PYPSJ,0,0,TRUE,,
9548-LERKT,0,0,TRUE,,
9552-TGUZV,0,0,TRUE,,
9565-FLVCG,0,0,TRUE,,
9565-JSNFM,0,0,TRUE,,
9575-IWCAZ,1,1,TRUE,,
9577-WJVCQ,0,0,TRUE,,
9578-VRMNM,0,0,TRUE,,
9584-EXCDZ,2,1,FALSE,,
9585-KKMFD,0,0,TRUE,,
9588-OZDMQ,0,0,TRUE,,
9591-YVTEB,0,0,TRUE,,
9600-UDOPK,1,5,FALSE,,
9619-GSATL,3,5,FALSE,,
9624-EGDEQ,0,0,TRUE,,
9625-QSTYE,0,0,TRUE,,
9625-RZFUK,0,0,TRUE,,
9637-CDTKZ,0,0,TRUE,,
9638-JIQYA,0,0,TRUE,,
9643-AVVWI,4,4,TRUE,,
9644-KVCNC,0,0,TRUE,,
9659-ZTWSM,5,1,FALSE,,
9670-BPNXF,0,0,TRUE,,
9677-AVKED,0,0,TRUE,,
9680-NIAUV,0,0,TRUE,,
9681-KYGYB,0,0,TRUE,,
9689-PTNPG,0,0,TRUE,,
9699-UBQFS,0,0,TRUE,,
9700-ISPUP,0,0,TRUE,,
9701-CDXHR,0,0,TRUE,,
9717-QEBGU,1,1,TRUE,,
9722-UJOJR,0,0,TRUE,,
9732-KPKBW,0,0,TRUE,,
9734-UYXQI,0,0,TRUE,,
9739-JLPQJ,1,1,TRUE,,
9742-XOKTS,1,1,TRUE,,
9743-DQKQW,0,0,TRUE,,
9746-UGFAC,0,0,TRUE,,
9754-CLVZW,0,0,TRUE,,
9755-JHNMN,3,3,TRUE,,
9762-YAQAA,4,4,TRUE,,
9767-FFLEM,0,0,TRUE,,
9770-LXDBK,0,0,TRUE,,
9776-CLUJA,0,0,TRUE,,
9796-BPKIW,1,1,TRUE,,
9798-DRYDS,3,2,FALSE,,
9809-IMGCQ,3,3,TRUE,,
9812-GHVRI,3,3,TRUE,,
9814-AOUDH,0,0,TRUE,,
9819-FBNSV,0,0,TRUE,,
9822-BIIGN,3,2,FALSE,,
9823-EALYC,4,2,FALSE,,
9828-AOQLM,0,0,TRUE,,
9831-BPFRI,3,4,FALSE,,
9845-QOMAD,0,0,TRUE,,
9847-HNVGP,0,0,TRUE,,
9850-OWRHQ,0,0,TRUE,,
9860-LISIZ,5,5,TRUE,,
9861-PDSZP,0,5,FALSE,,
9862-KJTYK,0,5,FALSE,,
9867-JCZSP,0,0,TRUE,,
9867-NNXLC,0,0,TRUE,,
9871-ELEYA,0,0,TRUE,,
9894-EZEWG,0,0,TRUE,,
9909-DFRJA,0,0,TRUE,,
9912-GVSEQ,0,3,FALSE,,
9917-KWRBE,5,2,FALSE,,
9919-YLNNG,0,0,TRUE,,
9921-EZKBY,0,0,TRUE,,
9921-QFQUL,0,0,TRUE,,
9924-JPRMC,0,0,TRUE,,
9931-DCEZH,0,0,TRUE,,
9938-EKRGF,5,5,TRUE,,
9938-TKDGL,1,1,TRUE,,
9940-HPQPG,0,0,TRUE,,
9944-AEXBM,5,2,FALSE,,
9953-ZMKSM,3,3,TRUE,,
9962-BFPDU,4,4,TRUE,,
9965-YOKZB,0,0,TRUE,,
